[
    {
    "title": "ASP.NET網頁程式設計", 
    "author": "陳會安",
    "category": "Web",
    "pubdate": "06/2010",
    "id": "W101"
    },
    {
    "title": "PHP網頁程式設計", 
    "author": "陳會安",
    "category": "Web",
    "pubdate": "07/2010",
    "id": "W102"
    },
    {
    "title": "Java程式設計", 
    "author": "陳會安",
    "category": "Programming",
    "pubdate": "11/2010",
    "id": "P102"
    },
    {
    "title": "Android程式設計", 
    "author": "陳會安",
    "category": "Mobile",
    "pubdate": "07/2010",
    "id": "M102"
    }
]
